<Customization level="1" description="" product-version="22.207">
    <File AppRelativePath="Bin\JoinValuesExperiment.dll" />
    <File AppRelativePath="Bin\JoinValuesExperiment.pdb" />
    <File AppRelativePath="Pages\EX\EX501000.aspx" />
    <File AppRelativePath="Pages\EX\EX501000.aspx.cs" />
    <SiteMapNode>
        <data-set>
            <relations format-version="3" relations-version="20190730" main-table="SiteMap">
                <link from="MUIScreen (NodeID)" to="SiteMap (NodeID)" />
                <link from="MUIWorkspace (WorkspaceID)" to="MUIScreen (WorkspaceID)" type="FromMaster" linkname="workspaceToScreen" split-location="yes" updateable="True" />
                <link from="MUISubcategory (SubcategoryID)" to="MUIScreen (SubcategoryID)" type="FromMaster" updateable="True" />
                <link from="MUITile (ScreenID)" to="SiteMap (ScreenID)" />
                <link from="MUIWorkspace (WorkspaceID)" to="MUITile (WorkspaceID)" type="FromMaster" linkname="workspaceToTile" split-location="yes" updateable="True" />
                <link from="MUIArea (AreaID)" to="MUIWorkspace (AreaID)" type="FromMaster" updateable="True" />
                <link from="MUIPinnedScreen (NodeID, WorkspaceID)" to="MUIScreen (NodeID, WorkspaceID)" type="WeakIfEmpty" isEmpty="Username" />
                <link from="MUIFavoriteWorkspace (WorkspaceID)" to="MUIWorkspace (WorkspaceID)" type="WeakIfEmpty" isEmpty="Username" />
            </relations>
            <layout>
                <table name="SiteMap">
                    <table name="MUIScreen" uplink="(NodeID) = (NodeID)">
                        <table name="MUIPinnedScreen" uplink="(NodeID, WorkspaceID) = (NodeID, WorkspaceID)" />
                    </table>
                    <table name="MUITile" uplink="(ScreenID) = (ScreenID)" />
                </table>
                <table name="MUIWorkspace">
                    <table name="MUIFavoriteWorkspace" uplink="(WorkspaceID) = (WorkspaceID)" />
                </table>
                <table name="MUISubcategory" />
                <table name="MUIArea" />
            </layout>
            <data>
                <SiteMap>
                    <row Title="Test Process" Url="~/Pages/EX/EX501000.aspx" ScreenID="EX501000" NodeID="1324101a-a6a0-4e5b-8e84-b5828ea39042" ParentID="00000000-0000-0000-0000-000000000000">
                        <MUIScreen IsPortal="0" WorkspaceID="a1a23057-b277-4520-9a34-7c965003c701" Order="10" SubcategoryID="32130442-2305-4394-9389-cf915b191d2a" />
                    </row>
                </SiteMap>
                <MUIWorkspace>
                    <row IsPortal="0" WorkspaceID="a1a23057-b277-4520-9a34-7c965003c701" Order="875" Title="Experiment" Icon="code" IsSystem="0" />
                </MUIWorkspace>
                <MUISubcategory>
                    <row IsPortal="0" SubcategoryID="32130442-2305-4394-9389-cf915b191d2a" Order="820" Name="Processes" Icon="" IsSystem="0" />
                </MUISubcategory>
            </data>
        </data-set>
    </SiteMapNode>
</Customization>